count,median_days,iqr_days,p90_days
4673,31.32517361111111,177.5093171296296,645.1434328703704
